{
  "project_info": {
    "project_number": "154634741231",
    "project_id": "chatapp-47da9",
    "storage_bucket": "chatapp-47da9.appspot.com"
  },
  "client": [
    {
      "client_info": {
        "mobilesdk_app_id": "1:154634741231:android:846c52d7a9a59ed7a4821a",
        "android_client_info": {
          "package_name": "com.example.chat_app"
        }
      },
      "oauth_client": [
        {
          "client_id": "154634741231-te9hn1b3d973dlejmdpti2pmfemlatvp.apps.googleusercontent.com",
          "client_type": 1,
          "android_info": {
            "package_name": "com.example.chat_app",
            "certificate_hash": "e148408a0af389c0b08afb73606c5299fa1281d2"
          }
        },
        {
          "client_id": "154634741231-os8or18mbvc63l1152j6gpc3esp4cf98.apps.googleusercontent.com",
          "client_type": 3
        }
      ],
      "api_key": [
        {
          "current_key": "AIzaSyDSwMtG1WdHmaiUW2Vq1ih7JK_p7c31Et0"
        }
      ],
      "services": {
        "appinvite_service": {
          "other_platform_oauth_client": [
            {
              "client_id": "154634741231-os8or18mbvc63l1152j6gpc3esp4cf98.apps.googleusercontent.com",
              "client_type": 3
            }
          ]
        }
      }
    }
  ],
  "configuration_version": "1"
}